"ResourceName","ResourceType","ResourceGroupName","Location","SubscriptionId","Tags"
"BillAPIEmailAlertAction","microsoft.insights/actiongroups","AlertActionRG","global","58aa6c07-2c69-4922-9196-19aed3771a8e",
"BillingAPIAlertRule","microsoft.insights/activityLogAlerts","Default-ActivityLogAlerts","global","58aa6c07-2c69-4922-9196-19aed3771a8e","System.Collections.Generic.Dictionary`2[System.String,System.String]"
"azureaihub8666279378","Microsoft.Storage/storageAccounts","AOAIRG","eastus2","58aa6c07-2c69-4922-9196-19aed3771a8e","System.Collections.Generic.Dictionary`2[System.String,System.String]"
"azureaihub0567202597","Microsoft.KeyVault/vaults","AOAIRG","eastus2","58aa6c07-2c69-4922-9196-19aed3771a8e","System.Collections.Generic.Dictionary`2[System.String,System.String]"
"azureaihub","Microsoft.MachineLearningServices/workspaces","AOAIRG","eastus2","58aa6c07-2c69-4922-9196-19aed3771a8e","System.Collections.Generic.Dictionary`2[System.String,System.String]"
"azureaihub8666279378-5248b165-15d1-4f6a-ba2e-e56a149bc5fc","Microsoft.EventGrid/systemTopics","aoairg","eastus2","58aa6c07-2c69-4922-9196-19aed3771a8e",
"weishi-8456","Microsoft.MachineLearningServices/workspaces","AOAIRG","eastus2","58aa6c07-2c69-4922-9196-19aed3771a8e","System.Collections.Generic.Dictionary`2[System.String,System.String]"
"eauscontentsafety","Microsoft.CognitiveServices/accounts","AOAIRG","eastus","58aa6c07-2c69-4922-9196-19aed3771a8e","System.Collections.Generic.Dictionary`2[System.String,System.String]"
"weishi-0333","Microsoft.MachineLearningServices/workspaces","AOAIRG","eastus2","58aa6c07-2c69-4922-9196-19aed3771a8e","System.Collections.Generic.Dictionary`2[System.String,System.String]"
"testprivateendpoint","Microsoft.Network/privateEndpoints","AOAIRG","japaneast","58aa6c07-2c69-4922-9196-19aed3771a8e","System.Collections.Generic.Dictionary`2[System.String,System.String]"
"testprivateendpoint-nic","Microsoft.Network/networkInterfaces","AOAIRG","japaneast","58aa6c07-2c69-4922-9196-19aed3771a8e","System.Collections.Generic.Dictionary`2[System.String,System.String]"
"AISpeechjpeast","Microsoft.CognitiveServices/accounts","AOAIRG","japaneast","58aa6c07-2c69-4922-9196-19aed3771a8e","System.Collections.Generic.Dictionary`2[System.String,System.String]"
"TCAOAI","Microsoft.CognitiveServices/accounts","TechConnectRG","eastus","58aa6c07-2c69-4922-9196-19aed3771a8e","System.Collections.Generic.Dictionary`2[System.String,System.String]"
"weish-m8r1yx7g-swedencentral","Microsoft.CognitiveServices/accounts","aoairg","swedencentral","58aa6c07-2c69-4922-9196-19aed3771a8e","System.Collections.Generic.Dictionary`2[System.String,System.String]"
"AIAgentLab","Microsoft.CognitiveServices/accounts","AOAIRG","eastus","58aa6c07-2c69-4922-9196-19aed3771a8e","System.Collections.Generic.Dictionary`2[System.String,System.String]"
"aoaius2aiagentlab","Microsoft.CognitiveServices/accounts","AOAIRG","eastus2","58aa6c07-2c69-4922-9196-19aed3771a8e","System.Collections.Generic.Dictionary`2[System.String,System.String]"
"AGOwner","Microsoft.Insights/actiongroups","Default-ActivityLogAlerts","global","58aa6c07-2c69-4922-9196-19aed3771a8e",
"AGManager","Microsoft.Insights/actiongroups","Default-ActivityLogAlerts","global","58aa6c07-2c69-4922-9196-19aed3771a8e",
"AOAIUS","Microsoft.CognitiveServices/accounts","AOAIRG","eastus","58aa6c07-2c69-4922-9196-19aed3771a8e","System.Collections.Generic.Dictionary`2[System.String,System.String]"
"aoaishiweitests","Microsoft.CognitiveServices/accounts","AOAIRG","canadaeast","58aa6c07-2c69-4922-9196-19aed3771a8e","System.Collections.Generic.Dictionary`2[System.String,System.String]"
"ASP-analyzeazurebillRG-b797","Microsoft.Web/serverFarms","analyzeazurebillRG","japaneast","58aa6c07-2c69-4922-9196-19aed3771a8e","System.Collections.Generic.Dictionary`2[System.String,System.String]"
"vmjp-nsg","Microsoft.Network/networkSecurityGroups","vmjp","japaneast","58aa6c07-2c69-4922-9196-19aed3771a8e",
"loganalytics","Microsoft.OperationalInsights/workspaces","analyzeazurebillRG","japaneast","58aa6c07-2c69-4922-9196-19aed3771a8e","System.Collections.Generic.Dictionary`2[System.String,System.String]"
"acasaforlx","Microsoft.Storage/storageAccounts","analyzeazurebillRG","japaneast","58aa6c07-2c69-4922-9196-19aed3771a8e","System.Collections.Generic.Dictionary`2[System.String,System.String]"
"AFAnalyzeAzureBill-appinsight","microsoft.insights/components","analyzeazurebillRG","japaneast","58aa6c07-2c69-4922-9196-19aed3771a8e","System.Collections.Generic.Dictionary`2[System.String,System.String]"
"saanalyzeazurebill","Microsoft.Storage/storageAccounts","analyzeazurebillRG","japaneast","58aa6c07-2c69-4922-9196-19aed3771a8e","System.Collections.Generic.Dictionary`2[System.String,System.String]"
"vmjp-vnet","Microsoft.Network/virtualNetworks","vmjp","japaneast","58aa6c07-2c69-4922-9196-19aed3771a8e",
"validatefunctiontrigger","Microsoft.Web/sites","analyzeazurebillRG","japaneast","58aa6c07-2c69-4922-9196-19aed3771a8e","System.Collections.Generic.Dictionary`2[System.String,System.String]"
"Failure Anomalies - AFAnalyzeAzureBill-appinsight","microsoft.alertsmanagement/smartDetectorAlertRules","analyzeazurebillRG","global","58aa6c07-2c69-4922-9196-19aed3771a8e","System.Collections.Generic.Dictionary`2[System.String,System.String]"
"Application Insights Smart Detection","microsoft.insights/actiongroups","analyzeazurebillRG","global","58aa6c07-2c69-4922-9196-19aed3771a8e",
"ASP-analyzeazurebillRG-aff3","Microsoft.Web/serverFarms","analyzeazurebillRG","japaneast","58aa6c07-2c69-4922-9196-19aed3771a8e","System.Collections.Generic.Dictionary`2[System.String,System.String]"
"analyzeazurecostds","Microsoft.Web/sites","analyzeazurebillRG","japaneast","58aa6c07-2c69-4922-9196-19aed3771a8e","System.Collections.Generic.Dictionary`2[System.String,System.String]"
"tempsafordianostics","Microsoft.Storage/storageAccounts","vmjp","japaneast","58aa6c07-2c69-4922-9196-19aed3771a8e","System.Collections.Generic.Dictionary`2[System.String,System.String]"
"SQLVulnerabilityAssessment(DefaultWorkspace-58aa6c07-2c69-4922-9196-19aed3771a8e-EJP)","Microsoft.OperationsManagement/solutions","DefaultResourceGroup-EJP","japaneast","58aa6c07-2c69-4922-9196-19aed3771a8e","System.Collections.Generic.Dictionary`2[System.String,System.String]"
"DefaultWorkspace-58aa6c07-2c69-4922-9196-19aed3771a8e-EJP","Microsoft.OperationalInsights/workspaces","DefaultResourceGroup-EJP","japaneast","58aa6c07-2c69-4922-9196-19aed3771a8e",
"SecurityCenterFree(DefaultWorkspace-58aa6c07-2c69-4922-9196-19aed3771a8e-EJP)","Microsoft.OperationsManagement/solutions","DefaultResourceGroup-EJP","japaneast","58aa6c07-2c69-4922-9196-19aed3771a8e","System.Collections.Generic.Dictionary`2[System.String,System.String]"
"Security(DefaultWorkspace-58aa6c07-2c69-4922-9196-19aed3771a8e-EJP)","Microsoft.OperationsManagement/solutions","DefaultResourceGroup-EJP","japaneast","58aa6c07-2c69-4922-9196-19aed3771a8e","System.Collections.Generic.Dictionary`2[System.String,System.String]"
"SQLAdvancedThreatProtection(DefaultWorkspace-58aa6c07-2c69-4922-9196-19aed3771a8e-EJP)","Microsoft.OperationsManagement/solutions","DefaultResourceGroup-EJP","japaneast","58aa6c07-2c69-4922-9196-19aed3771a8e","System.Collections.Generic.Dictionary`2[System.String,System.String]"
"analyzeazurebillrga770","Microsoft.Storage/storageAccounts","analyzeazurebillRG","japaneast","58aa6c07-2c69-4922-9196-19aed3771a8e","System.Collections.Generic.Dictionary`2[System.String,System.String]"
"acasaforlx-6d0629aa-9f41-4008-8f99-c03f2e4d30f4","Microsoft.EventGrid/systemTopics","analyzeazurebillrg","japaneast","58aa6c07-2c69-4922-9196-19aed3771a8e",
"testASGJPE","Microsoft.Network/applicationSecurityGroups","vmjp","japaneast","58aa6c07-2c69-4922-9196-19aed3771a8e","System.Collections.Generic.Dictionary`2[System.String,System.String]"
"vmjpa-1","Microsoft.Network/publicIPAddresses","vmjp","japaneast","58aa6c07-2c69-4922-9196-19aed3771a8e",
"vmjpa985","Microsoft.Network/networkInterfaces","vmjp","japaneast","58aa6c07-2c69-4922-9196-19aed3771a8e",
"vmjpa","Microsoft.Compute/virtualMachines","vmjp","japaneast","58aa6c07-2c69-4922-9196-19aed3771a8e","System.Collections.Generic.Dictionary`2[System.String,System.String]"
"vmjpa_OsDisk_1_7b11babe59fc45ec9163af77f8c0b3c1","Microsoft.Compute/disks","VMJP","japaneast","58aa6c07-2c69-4922-9196-19aed3771a8e",
"vmjpa/AzurePolicyforWindows","Microsoft.Compute/virtualMachines/extensions","vmjp","japaneast","58aa6c07-2c69-4922-9196-19aed3771a8e",
"vmjpa/MicrosoftMonitoringAgent","Microsoft.Compute/virtualMachines/extensions","VMJP","japaneast","58aa6c07-2c69-4922-9196-19aed3771a8e",
"vmjparm4-1ip","Microsoft.Network/publicIPAddresses","vmjp","japaneast","58aa6c07-2c69-4922-9196-19aed3771a8e",
"vmjparm4685","Microsoft.Network/networkInterfaces","vmjp","japaneast","58aa6c07-2c69-4922-9196-19aed3771a8e",
"vmjparm4","Microsoft.Compute/virtualMachines","vmjp","japaneast","58aa6c07-2c69-4922-9196-19aed3771a8e","System.Collections.Generic.Dictionary`2[System.String,System.String]"
"vmjparm4_OsDisk_1_c748c10b96544fbd96d7cb44653e92f5","Microsoft.Compute/disks","VMJP","japaneast","58aa6c07-2c69-4922-9196-19aed3771a8e",
"vmjparm8-1ip","Microsoft.Network/publicIPAddresses","vmjp","japaneast","58aa6c07-2c69-4922-9196-19aed3771a8e",
"vmjparm8540","Microsoft.Network/networkInterfaces","vmjp","japaneast","58aa6c07-2c69-4922-9196-19aed3771a8e",
"vmjparm8","Microsoft.Compute/virtualMachines","VMJP","japaneast","58aa6c07-2c69-4922-9196-19aed3771a8e","System.Collections.Generic.Dictionary`2[System.String,System.String]"
"vmjparm8_OsDisk_1_be6df1ecacb842ee8ee4fdf68b0272c5","Microsoft.Compute/disks","VMJP","japaneast","58aa6c07-2c69-4922-9196-19aed3771a8e",
"vmjparm4/AzurePolicyforWindows","Microsoft.Compute/virtualMachines/extensions","vmjp","japaneast","58aa6c07-2c69-4922-9196-19aed3771a8e",
"vmjparm8/AzurePolicyforWindows","Microsoft.Compute/virtualMachines/extensions","vmjp","japaneast","58aa6c07-2c69-4922-9196-19aed3771a8e",
"vmjparm9-1ip","Microsoft.Network/publicIPAddresses","vmjp","japaneast","58aa6c07-2c69-4922-9196-19aed3771a8e",
"vmjparm9","Microsoft.Compute/virtualMachines","vmjp","japaneast","58aa6c07-2c69-4922-9196-19aed3771a8e","System.Collections.Generic.Dictionary`2[System.String,System.String]"
"vmjparm9238","Microsoft.Network/networkInterfaces","vmjp","japaneast","58aa6c07-2c69-4922-9196-19aed3771a8e",
"vmjparm9_OsDisk_1_9e0d5bc576c24200a94af3c3626a8fae","Microsoft.Compute/disks","VMJP","japaneast","58aa6c07-2c69-4922-9196-19aed3771a8e",
"vmjparm9/AzurePolicyforWindows","Microsoft.Compute/virtualMachines/extensions","vmjp","japaneast","58aa6c07-2c69-4922-9196-19aed3771a8e",
"vmjparm4/MicrosoftMonitoringAgent","Microsoft.Compute/virtualMachines/extensions","VMJP","japaneast","58aa6c07-2c69-4922-9196-19aed3771a8e",
"vmjparm8/MicrosoftMonitoringAgent","Microsoft.Compute/virtualMachines/extensions","VMJP","japaneast","58aa6c07-2c69-4922-9196-19aed3771a8e",
"vmjparm9/MicrosoftMonitoringAgent","Microsoft.Compute/virtualMachines/extensions","VMJP","japaneast","58aa6c07-2c69-4922-9196-19aed3771a8e",
"billing api error","microsoft.insights/metricalerts","analyzeazurebillRG","global","58aa6c07-2c69-4922-9196-19aed3771a8e","System.Collections.Generic.Dictionary`2[System.String,System.String]"
"saforlogicappshiwei","Microsoft.Storage/storageAccounts","analyzeazurebillRG","japaneast","58aa6c07-2c69-4922-9196-19aed3771a8e","System.Collections.Generic.Dictionary`2[System.String,System.String]"
"analyzeazurecostdsmi","Microsoft.Web/sites","analyzeazurebillRG","japaneast","58aa6c07-2c69-4922-9196-19aed3771a8e","System.Collections.Generic.Dictionary`2[System.String,System.String]"
"billinglogicapp","Microsoft.Logic/workflows","analyzeazurebillRG","japaneast","58aa6c07-2c69-4922-9196-19aed3771a8e","System.Collections.Generic.Dictionary`2[System.String,System.String]"
"webcontents","Microsoft.Web/connections","analyzeazurebillRG","japaneast","58aa6c07-2c69-4922-9196-19aed3771a8e",
"arm","Microsoft.Web/connections","analyzeazurebillRG","japaneast","58aa6c07-2c69-4922-9196-19aed3771a8e",
"azureblob","Microsoft.Web/connections","analyzeazurebillRG","japaneast","58aa6c07-2c69-4922-9196-19aed3771a8e",
"privatelink.openai.azure.com","Microsoft.Network/privateDnsZones","vmjp","global","58aa6c07-2c69-4922-9196-19aed3771a8e","System.Collections.Generic.Dictionary`2[System.String,System.String]"
"privatelink.openai.azure.com/r34ziiwbf2v5a","Microsoft.Network/privateDnsZones/virtualNetworkLinks","vmjp","global","58aa6c07-2c69-4922-9196-19aed3771a8e",
"97578566-9a66-49dd-ba67-8e78a99b5b29-dashboard","Microsoft.Portal/dashboards","analyzeazurebillRG","japaneast","58aa6c07-2c69-4922-9196-19aed3771a8e","System.Collections.Generic.Dictionary`2[System.String,System.String]"
"vmjp-vnet-default2-nsg-japaneast","Microsoft.Network/networkSecurityGroups","vmjp","japaneast","58aa6c07-2c69-4922-9196-19aed3771a8e",
"mytestsqldbserverjpe","Microsoft.Sql/servers","LLMLab","japaneast","58aa6c07-2c69-4922-9196-19aed3771a8e","System.Collections.Generic.Dictionary`2[System.String,System.String]"
"mytestsqldbserverjpe/mytestsqldbjpe","Microsoft.Sql/servers/databases","LLMLab","japaneast","58aa6c07-2c69-4922-9196-19aed3771a8e","System.Collections.Generic.Dictionary`2[System.String,System.String]"
"mytestsqldbserverjpe/master","Microsoft.Sql/servers/databases","LLMLab","japaneast","58aa6c07-2c69-4922-9196-19aed3771a8e",
"vmjparm1-1ip","Microsoft.Network/publicIPAddresses","vmjp","japaneast","58aa6c07-2c69-4922-9196-19aed3771a8e",
"vmjparm1794","Microsoft.Network/networkInterfaces","vmjp","japaneast","58aa6c07-2c69-4922-9196-19aed3771a8e",
"vmjparm1","Microsoft.Compute/virtualMachines","vmjp","japaneast","58aa6c07-2c69-4922-9196-19aed3771a8e","System.Collections.Generic.Dictionary`2[System.String,System.String]"
"vmjparm1_OsDisk_1_a3bb498e6ec24f259d5f53d9b07375cb","Microsoft.Compute/disks","VMJP","japaneast","58aa6c07-2c69-4922-9196-19aed3771a8e",
"vmjparm2-1ip","Microsoft.Network/publicIPAddresses","vmjp","japaneast","58aa6c07-2c69-4922-9196-19aed3771a8e",
"vmjparm2","Microsoft.Compute/virtualMachines","vmjp","japaneast","58aa6c07-2c69-4922-9196-19aed3771a8e","System.Collections.Generic.Dictionary`2[System.String,System.String]"
"vmjparm3--1ip","Microsoft.Network/publicIPAddresses","vmjp","japaneast","58aa6c07-2c69-4922-9196-19aed3771a8e",
"vmjparm3742","Microsoft.Network/networkInterfaces","vmjp","japaneast","58aa6c07-2c69-4922-9196-19aed3771a8e",
"vmjparm3","Microsoft.Compute/virtualMachines","vmjp","japaneast","58aa6c07-2c69-4922-9196-19aed3771a8e","System.Collections.Generic.Dictionary`2[System.String,System.String]"
"vmjparm3_OsDisk_1_3b1d6ac5493844c28955c003501b3eba","Microsoft.Compute/disks","VMJP","japaneast","58aa6c07-2c69-4922-9196-19aed3771a8e",
"vmjparm1/AzurePolicyforWindows","Microsoft.Compute/virtualMachines/extensions","vmjp","japaneast","58aa6c07-2c69-4922-9196-19aed3771a8e",
"vmjparm3/AzurePolicyforWindows","Microsoft.Compute/virtualMachines/extensions","vmjp","japaneast","58aa6c07-2c69-4922-9196-19aed3771a8e",
"vmjparm1/MicrosoftMonitoringAgent","Microsoft.Compute/virtualMachines/extensions","VMJP","japaneast","58aa6c07-2c69-4922-9196-19aed3771a8e",
"vmjparm3/MicrosoftMonitoringAgent","Microsoft.Compute/virtualMachines/extensions","VMJP","japaneast","58aa6c07-2c69-4922-9196-19aed3771a8e",
"vmjparm2898","Microsoft.Network/networkInterfaces","vmjp","japaneast","58aa6c07-2c69-4922-9196-19aed3771a8e",
"vmjparm2_OsDisk_1_2d08b92f697c440b843e64c46c566d05","Microsoft.Compute/disks","VMJP","japaneast","58aa6c07-2c69-4922-9196-19aed3771a8e",
"vmjparm2/AzurePolicyforWindows","Microsoft.Compute/virtualMachines/extensions","vmjp","japaneast","58aa6c07-2c69-4922-9196-19aed3771a8e",
"vmjparm5-1ip","Microsoft.Network/publicIPAddresses","vmjp","japaneast","58aa6c07-2c69-4922-9196-19aed3771a8e",
"vmjparm5153","Microsoft.Network/networkInterfaces","vmjp","japaneast","58aa6c07-2c69-4922-9196-19aed3771a8e",
"vmjparm5","Microsoft.Compute/virtualMachines","vmjp","japaneast","58aa6c07-2c69-4922-9196-19aed3771a8e","System.Collections.Generic.Dictionary`2[System.String,System.String]"
"vmjparm5_OsDisk_1_c4f90d040f5b46bcbf23899bfd97b269","Microsoft.Compute/disks","VMJP","japaneast","58aa6c07-2c69-4922-9196-19aed3771a8e",
"vmjparm5/AzurePolicyforWindows","Microsoft.Compute/virtualMachines/extensions","vmjp","japaneast","58aa6c07-2c69-4922-9196-19aed3771a8e",
"vmjparm5/MicrosoftMonitoringAgent","Microsoft.Compute/virtualMachines/extensions","VMJP","japaneast","58aa6c07-2c69-4922-9196-19aed3771a8e",
"vmjparm6-1ip","Microsoft.Network/publicIPAddresses","vmjp","japaneast","58aa6c07-2c69-4922-9196-19aed3771a8e",
"vmjparm638","Microsoft.Network/networkInterfaces","vmjp","japaneast","58aa6c07-2c69-4922-9196-19aed3771a8e",
"vmjparm6","Microsoft.Compute/virtualMachines","vmjp","japaneast","58aa6c07-2c69-4922-9196-19aed3771a8e","System.Collections.Generic.Dictionary`2[System.String,System.String]"
"vmjparm6_OsDisk_1_a2e6ed90a86c4a1ab0b78874f0e19615","Microsoft.Compute/disks","VMJP","japaneast","58aa6c07-2c69-4922-9196-19aed3771a8e",
"vmjparm6/AzurePolicyforWindows","Microsoft.Compute/virtualMachines/extensions","vmjp","japaneast","58aa6c07-2c69-4922-9196-19aed3771a8e",
"vmjparm6/MicrosoftMonitoringAgent","Microsoft.Compute/virtualMachines/extensions","VMJP","japaneast","58aa6c07-2c69-4922-9196-19aed3771a8e",
"vmjparm2/MicrosoftMonitoringAgent","Microsoft.Compute/virtualMachines/extensions","VMJP","japaneast","58aa6c07-2c69-4922-9196-19aed3771a8e",
"vmjparm7-1ip","Microsoft.Network/publicIPAddresses","vmjp","japaneast","58aa6c07-2c69-4922-9196-19aed3771a8e",
"vmjparm7943","Microsoft.Network/networkInterfaces","vmjp","japaneast","58aa6c07-2c69-4922-9196-19aed3771a8e",
"vmjparm7","Microsoft.Compute/virtualMachines","vmjp","japaneast","58aa6c07-2c69-4922-9196-19aed3771a8e","System.Collections.Generic.Dictionary`2[System.String,System.String]"
"vmjparm7_OsDisk_1_563e0b27dfa04e59bfbaf3042d4d8e5d","Microsoft.Compute/disks","VMJP","japaneast","58aa6c07-2c69-4922-9196-19aed3771a8e",
"vmjparm7/AzurePolicyforWindows","Microsoft.Compute/virtualMachines/extensions","vmjp","japaneast","58aa6c07-2c69-4922-9196-19aed3771a8e",
"vmjparm7/MicrosoftMonitoringAgent","Microsoft.Compute/virtualMachines/extensions","VMJP","japaneast","58aa6c07-2c69-4922-9196-19aed3771a8e",
"SQLAdvancedThreatProtection(DefaultWorkspace-58aa6c07-2c69-4922-9196-19aed3771a8e-SEA)","Microsoft.OperationsManagement/solutions","DefaultResourceGroup-SEA","southeastasia","58aa6c07-2c69-4922-9196-19aed3771a8e","System.Collections.Generic.Dictionary`2[System.String,System.String]"
"SQLVulnerabilityAssessment(DefaultWorkspace-58aa6c07-2c69-4922-9196-19aed3771a8e-SEA)","Microsoft.OperationsManagement/solutions","DefaultResourceGroup-SEA","southeastasia","58aa6c07-2c69-4922-9196-19aed3771a8e","System.Collections.Generic.Dictionary`2[System.String,System.String]"
"SecurityCenterFree(DefaultWorkspace-58aa6c07-2c69-4922-9196-19aed3771a8e-SEA)","Microsoft.OperationsManagement/solutions","DefaultResourceGroup-SEA","southeastasia","58aa6c07-2c69-4922-9196-19aed3771a8e","System.Collections.Generic.Dictionary`2[System.String,System.String]"
"DefaultWorkspace-58aa6c07-2c69-4922-9196-19aed3771a8e-SEA","Microsoft.OperationalInsights/workspaces","DefaultResourceGroup-SEA","southeastasia","58aa6c07-2c69-4922-9196-19aed3771a8e",
"Security(DefaultWorkspace-58aa6c07-2c69-4922-9196-19aed3771a8e-SEA)","Microsoft.OperationsManagement/solutions","DefaultResourceGroup-SEA","southeastasia","58aa6c07-2c69-4922-9196-19aed3771a8e","System.Collections.Generic.Dictionary`2[System.String,System.String]"
"testdefenderforado","Microsoft.Security/securityConnectors","testdevopsrg","eastasia","58aa6c07-2c69-4922-9196-19aed3771a8e","System.Collections.Generic.Dictionary`2[System.String,System.String]"
"connector","Microsoft.Security/securityConnectors","testdevopsrg","australiaeast","58aa6c07-2c69-4922-9196-19aed3771a8e","System.Collections.Generic.Dictionary`2[System.String,System.String]"
"TMVM-ip","Microsoft.Network/publicIPAddresses","TMRG","eastasia","58aa6c07-2c69-4922-9196-19aed3771a8e",
"TMVM-vnet","Microsoft.Network/virtualNetworks","tmrg","eastasia","58aa6c07-2c69-4922-9196-19aed3771a8e",
"tmvm667","Microsoft.Network/networkInterfaces","TMRG","eastasia","58aa6c07-2c69-4922-9196-19aed3771a8e",
"TMVM","Microsoft.Compute/virtualMachines","TMRG","eastasia","58aa6c07-2c69-4922-9196-19aed3771a8e","System.Collections.Generic.Dictionary`2[System.String,System.String]"
"TMVM_OsDisk_1_0c7c0f2c24454e009e4858a8910a1519","Microsoft.Compute/disks","TMRG","eastasia","58aa6c07-2c69-4922-9196-19aed3771a8e",
"TMVM/AzurePolicyforWindows","Microsoft.Compute/virtualMachines/extensions","TMRG","eastasia","58aa6c07-2c69-4922-9196-19aed3771a8e",
"TMVM-vnet-default-nsg-eastasia","Microsoft.Network/networkSecurityGroups","tmrg","eastasia","58aa6c07-2c69-4922-9196-19aed3771a8e",
"AIAgentlabVM-ip","Microsoft.Network/publicIPAddresses","AIAgentLab","eastasia","58aa6c07-2c69-4922-9196-19aed3771a8e",
"AIAgentlabVM-vnet","Microsoft.Network/virtualNetworks","AIAgentLab","eastasia","58aa6c07-2c69-4922-9196-19aed3771a8e",
"aiagentlabvm496","Microsoft.Network/networkInterfaces","AIAgentLab","eastasia","58aa6c07-2c69-4922-9196-19aed3771a8e",
"AIAgentlabVM","Microsoft.Compute/virtualMachines","AIAgentLab","eastasia","58aa6c07-2c69-4922-9196-19aed3771a8e","System.Collections.Generic.Dictionary`2[System.String,System.String]"
"AIAgentlabVM_OsDisk_1_ab947e4f1fa1499e9a2dfafd4877afa0","Microsoft.Compute/disks","AIAGENTLAB","eastasia","58aa6c07-2c69-4922-9196-19aed3771a8e",
"AIAgentlabVM/AzurePolicyforWindows","Microsoft.Compute/virtualMachines/extensions","AIAgentLab","eastasia","58aa6c07-2c69-4922-9196-19aed3771a8e",
"grbingsearch","Microsoft.Bing/accounts","AIAgentLab","global","58aa6c07-2c69-4922-9196-19aed3771a8e","System.Collections.Generic.Dictionary`2[System.String,System.String]"
"NetworkWatcher_japanwest","Microsoft.Network/networkWatchers","NetworkWatcherRG","japanwest","58aa6c07-2c69-4922-9196-19aed3771a8e",
"NetworkWatcher_southeastasia","Microsoft.Network/networkWatchers","NetworkWatcherRG","southeastasia","58aa6c07-2c69-4922-9196-19aed3771a8e",
"NetworkWatcher_eastasia","Microsoft.Network/networkWatchers","NetworkWatcherRG","eastasia","58aa6c07-2c69-4922-9196-19aed3771a8e",
"NetworkWatcher_japaneast","Microsoft.Network/networkWatchers","NetworkWatcherRG","japaneast","58aa6c07-2c69-4922-9196-19aed3771a8e",
"NetworkWatcher_westus3","Microsoft.Network/networkWatchers","NetworkWatcherRG","westus3","58aa6c07-2c69-4922-9196-19aed3771a8e",
"devvm1-vnet","Microsoft.Network/virtualNetworks","devvm","westus3","58aa6c07-2c69-4922-9196-19aed3771a8e",
"devvm1-ip","Microsoft.Network/publicIPAddresses","devvm","westus3","58aa6c07-2c69-4922-9196-19aed3771a8e",
"devvm1191","Microsoft.Network/networkInterfaces","devvm","westus3","58aa6c07-2c69-4922-9196-19aed3771a8e",
"devvm1","Microsoft.Compute/virtualMachines","devvm","westus3","58aa6c07-2c69-4922-9196-19aed3771a8e","System.Collections.Generic.Dictionary`2[System.String,System.String]"
"devvm1_OsDisk_1_4ff1a555d28b46c98df661fe4ae46145","Microsoft.Compute/disks","DEVVM","westus3","58aa6c07-2c69-4922-9196-19aed3771a8e",
"devvm1/AADLoginForWindows","Microsoft.Compute/virtualMachines/extensions","devvm","westus3","58aa6c07-2c69-4922-9196-19aed3771a8e",
"devvm1/AzurePolicyforWindows","Microsoft.Compute/virtualMachines/extensions","devvm","westus3","58aa6c07-2c69-4922-9196-19aed3771a8e",
"devvm1191-nsg","Microsoft.Network/networkSecurityGroups","devvm","westus3","58aa6c07-2c69-4922-9196-19aed3771a8e",
"devvm1-vnet-default-nsg-westus3","Microsoft.Network/networkSecurityGroups","devvm","westus3","58aa6c07-2c69-4922-9196-19aed3771a8e",
"devvm-pyrit-vnet","Microsoft.Network/virtualNetworks","devvm","japaneast","58aa6c07-2c69-4922-9196-19aed3771a8e",
"devvm-pyrit-nsg","Microsoft.Network/networkSecurityGroups","devvm","japaneast","58aa6c07-2c69-4922-9196-19aed3771a8e",
"devvm-pyrit-ip","Microsoft.Network/publicIPAddresses","devvm","japaneast","58aa6c07-2c69-4922-9196-19aed3771a8e",
"devvm-pyrit772","Microsoft.Network/networkInterfaces","devvm","japaneast","58aa6c07-2c69-4922-9196-19aed3771a8e",
"devvm-pyrit","Microsoft.Compute/virtualMachines","devvm","japaneast","58aa6c07-2c69-4922-9196-19aed3771a8e","System.Collections.Generic.Dictionary`2[System.String,System.String]"
"devvm-pyrit_OsDisk_1_ccd72b51a27b4b6f99dc09c046b05801","Microsoft.Compute/disks","DEVVM","japaneast","58aa6c07-2c69-4922-9196-19aed3771a8e",
"devvm-pyrit-vnet-default-nsg-japaneast","Microsoft.Network/networkSecurityGroups","devvm","japaneast","58aa6c07-2c69-4922-9196-19aed3771a8e",
"pyritinstallation","Microsoft.Compute/restorePointCollections","devvm","japaneast","58aa6c07-2c69-4922-9196-19aed3771a8e",
"devvm-pyrit/AzurePolicyforWindows","Microsoft.Compute/virtualMachines/extensions","devvm","japaneast","58aa6c07-2c69-4922-9196-19aed3771a8e",
"DefaultWorkspace-58aa6c07-2c69-4922-9196-19aed3771a8e-WUS2","Microsoft.OperationalInsights/workspaces","DefaultResourceGroup-WUS2","westus2","58aa6c07-2c69-4922-9196-19aed3771a8e",
"SecurityCenterFree(DefaultWorkspace-58aa6c07-2c69-4922-9196-19aed3771a8e-WUS2)","Microsoft.OperationsManagement/solutions","DefaultResourceGroup-WUS2","westus2","58aa6c07-2c69-4922-9196-19aed3771a8e","System.Collections.Generic.Dictionary`2[System.String,System.String]"
"Security(DefaultWorkspace-58aa6c07-2c69-4922-9196-19aed3771a8e-WUS2)","Microsoft.OperationsManagement/solutions","DefaultResourceGroup-WUS2","westus2","58aa6c07-2c69-4922-9196-19aed3771a8e","System.Collections.Generic.Dictionary`2[System.String,System.String]"
"SQLVulnerabilityAssessment(DefaultWorkspace-58aa6c07-2c69-4922-9196-19aed3771a8e-WUS2)","Microsoft.OperationsManagement/solutions","DefaultResourceGroup-WUS2","westus2","58aa6c07-2c69-4922-9196-19aed3771a8e","System.Collections.Generic.Dictionary`2[System.String,System.String]"
"SQLAdvancedThreatProtection(DefaultWorkspace-58aa6c07-2c69-4922-9196-19aed3771a8e-WUS2)","Microsoft.OperationsManagement/solutions","DefaultResourceGroup-WUS2","westus2","58aa6c07-2c69-4922-9196-19aed3771a8e","System.Collections.Generic.Dictionary`2[System.String,System.String]"
"mlworkspace9630673126","Microsoft.Storage/storageAccounts","weishi-rg","centralus","58aa6c07-2c69-4922-9196-19aed3771a8e","System.Collections.Generic.Dictionary`2[System.String,System.String]"
"DefaultWorkspace-centralus","Microsoft.OperationalInsights/workspaces","DefaultResourceGroup-centralus","centralus","58aa6c07-2c69-4922-9196-19aed3771a8e",
"mlworkspace5007461220","Microsoft.Insights/components","weishi-rg","centralus","58aa6c07-2c69-4922-9196-19aed3771a8e","System.Collections.Generic.Dictionary`2[System.String,System.String]"
"mlworkspace0372900394","Microsoft.KeyVault/vaults","weishi-rg","centralus","58aa6c07-2c69-4922-9196-19aed3771a8e","System.Collections.Generic.Dictionary`2[System.String,System.String]"
"MLworkspace","Microsoft.MachineLearningServices/workspaces","weishi-rg","centralus","58aa6c07-2c69-4922-9196-19aed3771a8e","System.Collections.Generic.Dictionary`2[System.String,System.String]"
"Failure Anomalies - mlworkspace5007461220","microsoft.alertsmanagement/smartDetectorAlertRules","weishi-rg","global","58aa6c07-2c69-4922-9196-19aed3771a8e","System.Collections.Generic.Dictionary`2[System.String,System.String]"
"mlworkspace9630673126-3f18abd4-a0fc-4520-a04b-6e0f1dfce938","Microsoft.EventGrid/systemTopics","weishi-rg","centralus","58aa6c07-2c69-4922-9196-19aed3771a8e",
"tempsasw","Microsoft.Storage/storageAccounts","weishi-rg","japaneast","58aa6c07-2c69-4922-9196-19aed3771a8e","System.Collections.Generic.Dictionary`2[System.String,System.String]"
"tempsasw-bfc5d5bb-bf3c-4c6f-841e-1b2b41ab294a","Microsoft.EventGrid/systemTopics","weishi-rg","japaneast","58aa6c07-2c69-4922-9196-19aed3771a8e",
